{"Nueva York": {"latitud": 40.7128, "longitud": -74.006, "vecinos": {"Miami": 1092.358640373665, "Los \u00c1ngeles": 2445.586606929677, "Las Vegas": 2227.5566793000735, "Washington D.C.": 203.55273061024388, "Dallas": 1370.5906307363557, "Salt Lake City": 1967.6778423277785, "Orlando": 943.2753035990543, "Denver": 1627.4237341531186, "Phoenix": 2139.8383758108544, "Atlanta": 745.8505951804074, "Chicago": 711.0375600845708, "New Orleans": 1168.3770389918163, "Boston": 190.20912052807822}}, "Miami": {"latitud": 25.7617, "longitud": -80.1918, "vecinos": {"Nueva York": 1092.358640373665, "Los \u00c1ngeles": 2335.6170968353667, "Las Vegas": 2177.9727358919026, "Washington D.C.": 926.5844927399435, "Dallas": 1110.1798166245183, "Salt Lake City": 2087.5112047615635, "Orlando": 209.21113523668498, "Denver": 1725.2607085357645, "Phoenix": 1978.8682349085584, "Atlanta": 606.3923582545162, "Chicago": 1191.3744154703013, "New Orleans": 668.9823893968887, "Boston": 1258.4999937345938}}, "Los \u00c1ngeles": {"latitud": 34.0522, "longitud": -118.2437, "vecinos": {"Nueva York": 2445.586606929677, "Miami": 2335.6170968353667, "Las Vegas": 228.42252533843606, "Washington D.C.": 2294.128864307981, "Dallas": 1237.7775078007357, "Salt Lake City": 579.6496889824812, "Orlando": 2187.829241680216, "Denver": 829.8607345896098, "Phoenix": 356.83621933624175, "Atlanta": 1932.6930128473177, "Chicago": 1742.3265424287226, "New Orleans": 1669.428878461842, "Boston": 2590.902683792829}}, "Las Vegas": {"latitud": 36.1699, "longitud": -115.1398, "vecinos": {"Nueva York": 2227.5566793000735, "Miami": 2177.9727358919026, "Los \u00c1ngeles": 228.42252533843606, "Washington D.C.": 2080.9721746506643, "Dallas": 1069.0316658759077, "Salt Lake City": 362.5721130819098, "Orlando": 2019.1999571607505, "Denver": 604.9732669756744, "Phoenix": 256.10940300420646, "Atlanta": 1742.1081302111186, "Chicago": 1521.179209132495, "New Orleans": 1508.990960312871, "Boston": 2369.4468310499824}}, "Washington D.C.": {"latitud": 38.9072, "longitud": -77.0369, "vecinos": {"Nueva York": 203.55273061024388, "Miami": 926.5844927399435, "Los \u00c1ngeles": 2294.128864307981, "Las Vegas": 2080.9721746506643, "Dallas": 1182.0143759658758, "Salt Lake City": 1841.5469504819407, "Orlando": 761.6298809521364, "Denver": 1489.1524011120048, "Phoenix": 1977.591884839886, "Atlanta": 542.2979686162286, "Chicago": 593.5302531566359, "New Orleans": 965.0286450993992, "Boston": 393.74959635865173}}, "Dallas": {"latitud": 32.7767, "longitud": -96.797, "vecinos": {"Nueva York": 1370.5906307363557, "Miami": 1110.1798166245183, "Los \u00c1ngeles": 1237.7775078007357, "Las Vegas": 1069.0316658759077, "Washington D.C.": 1182.0143759658758, "Salt Lake City": 998.8919277604328, "Orlando": 951.3401593735155, "Denver": 662.580422159024, "Phoenix": 884.5496497505542, "Atlanta": 719.6169111859841, "Chicago": 804.6568753944576, "New Orleans": 442.0884598505792, "Boston": 1549.158273924229}}, "Salt Lake City": {"latitud": 40.7608, "longitud": -111.891, "vecinos": {"Nueva York": 1967.6778423277785, "Miami": 2087.5112047615635, "Los \u00c1ngeles": 579.6496889824812, "Las Vegas": 362.5721130819098, "Washington D.C.": 1841.5469504819407, "Dallas": 998.8919277604328, "Orlando": 1907.1061888161905, "Denver": 370.58486879841, "Phoenix": 505.3439106543031, "Atlanta": 1580.624891016342, "Chicago": 1257.1408926204545, "New Orleans": 1432.5454950751957, "Boston": 2093.5362824850044}}, "Orlando": {"latitud": 28.5383, "longitud": -81.5494, "vecinos": {"Nueva York": 943.2753035990543, "Miami": 209.21113523668498, "Los \u00c1ngeles": 2187.829241680216, "Las Vegas": 2019.1999571607505, "Washington D.C.": 761.6298809521364, "Dallas": 951.3401593735155, "Salt Lake City": 1907.1061888161905, "Denver": 1540.8886026446012, "Phoenix": 1832.6804491926416, "Atlanta": 397.1854402596873, "Chicago": 982.8505980011196, "New Orleans": 522.8307738111041, "Boston": 1120.7509594889523}}, "Denver": {"latitud": 39.7392, "longitud": -104.9903, "vecinos": {"Nueva York": 1627.4237341531186, "Miami": 1725.2607085357645, "Los \u00c1ngeles": 829.8607345896098, "Las Vegas": 604.9732669756744, "Washington D.C.": 1489.1524011120048, "Dallas": 662.580422159024, "Salt Lake City": 370.58486879841, "Orlando": 1540.8886026446012, "Phoenix": 585.5472306842187, "Atlanta": 1210.0446903799598, "Chicago": 918.2128927252428, "New Orleans": 1080.4874338952638, "Boston": 1765.5098131528694}}, "Phoenix": {"latitud": 33.4484, "longitud": -112.074, "vecinos": {"Nueva York": 2139.8383758108544, "Miami": 1978.8682349085584, "Los \u00c1ngeles": 356.83621933624175, "Las Vegas": 256.10940300420646, "Washington D.C.": 1977.591884839886, "Dallas": 884.5496497505542, "Salt Lake City": 505.3439106543031, "Orlando": 1832.6804491926416, "Denver": 585.5472306842187, "Atlanta": 1588.662654939748, "Chicago": 1451.7511698477028, "New Orleans": 1313.2171753874106, "Boston": 2295.192338503356}}, "Atlanta": {"latitud": 33.749, "longitud": -84.388, "vecinos": {"Nueva York": 745.8505951804074, "Miami": 606.3923582545162, "Los \u00c1ngeles": 1932.6930128473177, "Las Vegas": 1742.1081302111186, "Washington D.C.": 542.2979686162286, "Dallas": 719.6169111859841, "Salt Lake City": 1580.624891016342, "Orlando": 397.1854402596873, "Denver": 1210.0446903799598, "Phoenix": 1588.662654939748, "Chicago": 588.7598951614392, "New Orleans": 424.2818474083535, "Boston": 936.0428000758668}}, "Chicago": {"latitud": 41.8781, "longitud": -87.6298, "vecinos": {"Nueva York": 711.0375600845708, "Miami": 1191.3744154703013, "Los \u00c1ngeles": 1742.3265424287226, "Las Vegas": 1521.179209132495, "Washington D.C.": 593.5302531566359, "Dallas": 804.6568753944576, "Salt Lake City": 1257.1408926204545, "Orlando": 982.8505980011196, "Denver": 918.2128927252428, "Phoenix": 1451.7511698477028, "Atlanta": 588.7598951614392, "New Orleans": 835.2308673252024, "Boston": 848.5784947943773}}, "New Orleans": {"latitud": 29.9511, "longitud": -90.0715, "vecinos": {"Nueva York": 1168.3770389918163, "Miami": 668.9823893968887, "Los \u00c1ngeles": 1669.428878461842, "Las Vegas": 1508.990960312871, "Washington D.C.": 965.0286450993992, "Dallas": 442.0884598505792, "Salt Lake City": 1432.5454950751957, "Orlando": 522.8307738111041, "Denver": 1080.4874338952638, "Phoenix": 1313.2171753874106, "Atlanta": 424.2818474083535, "Chicago": 835.2308673252024, "Boston": 1358.322864659299}}, "Boston": {"latitud": 42.3601, "longitud": -71.0589, "vecinos": {"Nueva York": 190.20912052807822, "Miami": 1258.4999937345938, "Los \u00c1ngeles": 2590.902683792829, "Las Vegas": 2369.4468310499824, "Washington D.C.": 393.74959635865173, "Dallas": 1549.158273924229, "Salt Lake City": 2093.5362824850044, "Orlando": 1120.7509594889523, "Denver": 1765.5098131528694, "Phoenix": 2295.192338503356, "Atlanta": 936.0428000758668, "Chicago": 848.5784947943773, "New Orleans": 1358.322864659299}}}